"sampler","target","mean1_err","var1_err","median1_err","Q11_err","Q31_err","mean2_err","var2_err","median2_err","Q12_err","Q32_err"
RRWMH,"Banana",0.32470496009777183,98.07849358628008,0.41594944945712153,5.423644383771641,5.508297424001485,97.4110445109879,20203.531508444965,43.30964284522137,9.737520533969137,128.8943621516409
AM,"Banana",0.3011681511822427,97.46260556475603,0.4611275304329237,5.133410224826314,5.772498418825194,96.79044846480602,20196.39779848593,43.528363165327264,9.763714924391898,127.72542217139261
